{"stat.pickup.minecraft.wooden_slab":99,"stat.leaveGame":7,"stat.mineBlock.thaumcraft.ore_quartz":5,"stat.craftItem.blockcraftery.editable_door":6,"stat.craftItem.thaumcraft.table_wood":1,"stat.pickup.tombstone.familiar_stone":4,"stat.drop.bewitchment.oak_apple_gall":2,"stat.pickup.bewitchment.elderberries":1,"stat.useItem.bewitchment.elderberries":1,"stat.useItem.minecraft.planks":3,"stat.mineBlock.mo.potassium_stone_block":16,"stat.pickup.thaumcraft.crucible":2,"stat.pickup.minecraft.glowstone_dust":6,"stat.pickup.minecraft.porkchop":10,"stat.craftItem.architecturecraft.sawbench":1,"stat.pickup.minecraft.glass":26,"stat.mineBlock.bewitchment.silver_ore":7,"stat.craftItem.thaumcraft.scribing_tools":1,"stat.useItem.minecraft.water_bucket":42,"stat.pickup.minecraft.rotten_flesh":26,"stat.craftItem.bibliocraft.bookcase":1,"stat.pickup.minecraft.sand":36,"stat.pickup.dynamictreestc.greatwoodseed":11,"stat.craftItem.minecraft.stone_axe":2,"stat.killEntity.Enderman":1,"stat.pickup.bibliocraft.bookcase":1,"stat.mineBlock.minecraft.wooden_slab":80,"stat.useItem.adchimneys.cobblestone":23,"stat.pickup.chisel.cobblestone1":28,"stat.craftItem.minecraft.stone_sword":1,"stat.pickup.minecraft.brown_mushroom":2,"stat.mineBlock.minecraft.sand":36,"stat.killEntity.Witch":1,"stat.pickup.additional_lights.fire_for_standing_torch_s":4,"stat.pickup.chisel.chisel_iron":1,"stat.craftItem.realistictorches.matchbox":17,"stat.useItem.minecraft.iron_pickaxe":82,"stat.pickup.architecturecraft.sawbench":1,"stat.craftItem.minecraft.wooden_pickaxe":1,"stat.pickup.dynamictrees.darkoakseed":37,"stat.craftItem.minecraft.bed":1,"stat.mineBlock.architecturecraft.sawbench":1,"stat.pickup.additional_lights.standing_torch_s_cobblestone":15,"stat.craftItem.minecraft.glass_pane":16,"stat.pickup.additional_lights.fire_for_fire_pit_l":1,"stat.mineBlock.chisel.marble2":13,"stat.furnaceInteraction":111,"stat.killEntity.ZombieVillager":4,"stat.pickup.realistictorches.torch_unlit":37,"stat.craftItem.realistictorches.torch_lit":185,"stat.craftItem.thaumcraft.thaumometer":1,"stat.pickup.minecraft.beef":6,"stat.pickup.minecraft.furnace":2,"stat.craftItem.additional_lights.standing_torch_l_cobblestone":2,"stat.useItem.dynamictreestc.greatwoodseed":7,"stat.pickup.tombstone.magic_scroll":3,"stat.useItem.minecraft.flint_and_steel":3,"stat.pickup.thaumcraft.crystal_essence":257,"stat.useItem.minecraft.wheat_seeds":50,"stat.useItem.blockcraftery.editable_door":1,"stat.pickup.blockcraftery.editable_stairs":2,"stat.pickup.thaumcraft.nugget":47,"stat.craftItem.additional_lights.fire_pit_l_cobblestone":2,"stat.pickup.dynamictrees.oakseed":184,"stat.useItem.minecraft.dye":50,"stat.craftItem.cathedral.cathedral_pillar_various":28,"stat.deaths":2,"stat.pickup.minecraft.bowl":4,"stat.pickup.bewitchment.tongue_of_dog":2,"stat.playOneMinute":469450,"stat.craftItem.minecraft.iron_pickaxe":1,"stat.pickup.minecraft.glass_pane":13,"stat.pickup.chisel.marble2":14,"stat.mineBlock.minecraft.tallgrass":207,"stat.pickup.chisel.dirt":1,"stat.chestOpened":213,"stat.useItem.minecraft.stone":17,"stat.pickup.minecraft.arrow":8,"stat.killEntity.bewitchment.black_dog":2,"stat.mineBlock.chisel.dirt":1,"stat.craftItem.minecraft.coal":169,"stat.craftItem.minecraft.iron_nugget":9,"stat.fallOneCm":6109,"stat.pickup.chisel.basalt2":16,"stat.pickup.bewitchment.silver_ore":7,"stat.crouchOneCm":4458,"stat.mineBlock.minecraft.chest":4,"stat.craftItem.minecraft.chest":23,"stat.craftItem.minecraft.iron_ingot":101,"stat.craftingTableInteraction":95,"stat.killEntity.bewitchment.raven":3,"stat.pickup.minecraft.feather":9,"stat.useItem.minecraft.reeds":145,"stat.mineBlock.architecturecraft.shape":20,"stat.pickup.minecraft.dye":51,"stat.pickup.minecraft.planks":33,"stat.pickup.chisel.limestone2":9,"stat.pickup.minecraft.wheat_seeds":54,"stat.pickup.chisel.cobblestone":46,"stat.mineBlock.minecraft.gravel":51,"stat.useItem.minecraft.stone_pickaxe":1300,"stat.useItem.minecraft.stone_sword":78,"stat.craftItem.minecraft.iron_leggings":1,"stat.pickup.bewitchment.amethyst":4,"stat.mineBlock.minecraft.dirt":402,"stat.pickup.bibliocraft.biblioglasses":1,"stat.useItem.minecraft.bread":1,"stat.pickup.minecraft.iron_nugget":6,"stat.mineBlock.thaumcraft.arcane_workbench":2,"stat.pickup.minecraft.crafting_table":3,"stat.useItem.minecraft.cobblestone":56,"stat.craftItem.minecraft.crafting_table":2,"stat.mineBlock.minecraft.double_plant":1,"stat.craftItem.blockcraftery.editable_stairs":8,"stat.mineBlock.thaumcraft.crystal_aer":10,"stat.useItem.dynamictrees.oakseed":41,"stat.pickup.minecraft.log":238,"stat.craftItem.mo.potasium":10,"stat.craftItem.realistictorches.torch_unlit":148,"stat.mineBlock.thaumcraft.crystal_terra":1,"stat.craftItem.minecraft.gold_ingot":6,"stat.pickup.minecraft.chicken":4,"stat.craftItem.chisel.chisel_iron":2,"stat.pickup.minecraft.apple":6,"stat.craftItem.additional_lights.standing_torch_s_cobblestone":9,"stat.craftItem.minecraft.bucket":1,"stat.craftItem.minecraft.planks":552,"stat.useItem.minecraft.iron_sword":191,"stat.mineBlock.thaumcraft.crystal_ordo":2,"stat.pickup.thaumcraft.research_table":1,"stat.pickup.cathedral.cathedral_pillar_various":19,"stat.useItem.chisel.diorite":13,"stat.craftItem.minecraft.cooked_chicken":4,"stat.useItem.minecraft.stone_hoe":47,"stat.craftItem.bewitchment.silver_ingot":7,"stat.craftItem.minecraft.paper":60,"stat.pickup.minecraft.red_flower":6,"stat.sneakTime":1619,"stat.pickup.minecraft.wool":13,"stat.mineBlock.thaumcraft.crystal_perditio":4,"stat.pickup.minecraft.yellow_flower":4,"stat.pickup.bewitchment.hellebore_seeds":8,"stat.pickup.bewitchment.silver_ingot":12,"stat.pickup.thaumcraft.log_greatwood":175,"stat.pickup.minecraft.chest":4,"stat.mineBlock.thaumcraft.ore_cinnabar":1,"stat.pickup.mo.potassium_stone_block":16,"stat.pickup.minecraft.bone":15,"stat.craftItem.storagedrawers.basicdrawers":18,"stat.mineBlock.minecraft.cobblestone":19,"stat.pickup.minecraft.flint":7,"stat.mineBlock.thaumcraft.research_table":1,"stat.mineBlock.minecraft.yellow_flower":3,"stat.drop.minecraft.iron_nugget":1,"stat.swimOneCm":24445,"stat.mineBlock.chisel.cobblestone1":3,"stat.mineBlock.adchimneys.cobblestone":4,"stat.craftItem.architecturecraft.sawblade":1,"stat.drop.minecraft.brown_mushroom":1,"stat.useItem.minecraft.dirt":90,"stat.useItem.minecraft.stone_slab2":169,"stat.mineBlock.additional_lights.fire_for_standing_torch_s":4,"stat.mineBlock.chisel.cobblestone":46,"stat.craftItem.minecraft.furnace":2,"stat.craftItem.minecraft.iron_boots":1,"stat.craftItem.minecraft.stone_pickaxe":12,"stat.craftItem.minecraft.cooked_beef":6,"stat.pickup.minecraft.shears":1,"stat.pickup.minecraft.cobblestone":914,"stat.mineBlock.minecraft.clay":1,"stat.mineBlock.chisel.limestone2":11,"stat.useItem.minecraft.stone_shovel":262,"stat.flyOneCm":14467,"stat.useItem.chisel.cobblestone":213,"stat.pickup.minecraft.glass_bottle":1,"stat.pickup.bewitchment.aconitum_seeds":6,"stat.pickup.bewitchment.mandrake_seeds":6,"stat.craftItem.minecraft.wooden_slab":144,"stat.useItem.minecraft.cooked_beef":6,"stat.pickup.architecturecraft.shape":22,"stat.pickup.minecraft.redstone":52,"stat.mineBlock.minecraft.iron_ore":101,"stat.craftItem.minecraft.book":3,"stat.timeSinceDeath":4555,"stat.mineBlock.thaumcraft.crucible":1,"stat.pickup.thaumcraft.arcane_workbench":2,"stat.useItem.minecraft.wooden_slab":86,"stat.craftItem.minecraft.iron_block":3,"stat.killEntity.Bat":1,"stat.mineBlock.cathedral.cathedral_pillar_various":9,"stat.craftItem.adchimneys.cobblestone":28,"stat.useItem.minecraft.cooked_porkchop":10,"stat.pickup.bewitchment.cypress_sapling":2,"stat.mineBlock.minecraft.coal_ore":66,"stat.killEntity.Creeper":5,"stat.craftItem.minecraft.stone_hoe":1,"stat.pickup.minecraft.string":5,"stat.pickup.tombstone.crafting_ingredient":12,"stat.craftItem.minecraft.stone_slab2":0,"stat.useItem.realistictorches.torch_lit":115,"stat.useItem.architecturecraft.shape":35,"stat.useItem.minecraft.written_book":3,"stat.mineBlock.realistictorches.torch_unlit":25,"stat.pickup.thaumcraft.phial":7,"stat.killEntity.Squid":13,"stat.sprintOneCm":11852,"stat.craftItem.minecraft.stick":48,"stat.useItem.tombstone.magic_scroll":2,"stat.craftItem.minecraft.stone":64,"stat.mineBlock.minecraft.crafting_table":3,"stat.craftItem.minecraft.wooden_pressure_plate":1,"stat.entityKilledBy.Creeper":1,"stat.drop":5,"stat.mineBlock.thaumcraft.crystal_aqua":5,"stat.useItem.additional_lights.standing_torch_s_cobblestone":12,"stat.killEntity.Zombie":25,"stat.pickup.blockcraftery.editable_block":20,"stat.craftItem.minecraft.dye":51,"stat.craftItem.thaumcraft.nugget":45,"stat.mineBlock.minecraft.gold_ore":6,"stat.diveOneCm":11979,"stat.pickup.minecraft.wheat":21,"stat.pickup.thaumcraft.scribing_tools":1,"stat.killEntity.BrainyZombie":1,"stat.pickup.minecraft.gravel":62,"stat.craftItem.minecraft.cooked_porkchop":10,"stat.pickup.blockcraftery.editable_door":8,"stat.craftItem.thaumcraft.salis_mundus":3,"stat.pickup.mo.potasium":10,"stat.useItem.minecraft.apple":1,"stat.useItem.minecraft.rotten_flesh":1,"stat.useItem.storagedrawers.basicdrawers":8,"stat.jump":2674,"stat.useItem.minecraft.sand":1,"stat.pickup.minecraft.coal":175,"stat.pickup.minecraft.iron_ingot":14,"stat.useItem.minecraft.stone_axe":126,"stat.pickup.minecraft.gunpowder":24,"stat.craftItem.minecraft.bread":7,"stat.pickup.minecraft.spider_eye":7,"stat.pickup.minecraft.dirt":398,"stat.craftItem.minecraft.iron_helmet":1,"stat.mineBlock.realistictorches.torch_lit":7,"stat.useItem.minecraft.cooked_chicken":4,"stat.pickup.minecraft.iron_ore":101,"stat.useItem.blockcraftery.editable_stairs":6,"stat.pickup.minecraft.gold_ore":6,"stat.craftItem.minecraft.flint_and_steel":1,"stat.pickup.chisel.diorite1":1,"stat.damageTaken":3026,"stat.pickup.minecraft.leather":3,"stat.craftItem.thaumcraft.phial":8,"stat.pickup.bewitchment.ravens_feather":22,"stat.mineBlock.minecraft.furnace":2,"stat.mineBlock.minecraft.red_flower":3,"stat.useItem.minecraft.wooden_pickaxe":22,"stat.mineBlock.additional_lights.standing_torch_s_cobblestone":15,"stat.pickup.minecraft.log2":115,"stat.pickup.minecraft.reeds":274,"stat.pickup.minecraft.bed":3,"tombstone:undead_killed":41,"stat.pickup.bewitchment.wormwood_seeds":6,"stat.pickup.bewitchment.belladonna_seeds":6,"stat.damageDealt":12759,"stat.craftItem.minecraft.glass":35,"stat.craftItem.minecraft.cauldron":1,"stat.sleepInBed":14,"stat.craftItem.minecraft.bowl":4,"stat.craftItem.minecraft.anvil":1,"stat.killEntity.Cow":3,"stat.killEntity.Pig":4,"stat.pickup.bewitchment.elder_wood":18,"stat.pickup.bewitchment.witches_cauldron":1,"stat.craftItem.minecraft.iron_sword":1,"stat.pickup.bewitchment.oak_apple_gall":374,"stat.useItem.cathedral.cathedral_pillar_various":24,"stat.craftItem.minecraft.stone_shovel":3,"stat.walkOneCm":3248070,"stat.pickup.minecraft.stick":140,"stat.craftItem.bewitchment.witches_cauldron":1,"stat.pickup.minecraft.clay_ball":7,"stat.useItem.minecraft.lava_bucket":1,"stat.craftItem.blockcraftery.editable_block":44,"stat.mineBlock.chisel.basalt2":18,"stat.useItem.additional_lights.fire_pit_l_cobblestone":1,"stat.useItem.tombstone.gift":2,"stat.useItem.additional_lights.standing_torch_l_cobblestone":1,"stat.pickup.minecraft.stone":128,"stat.craftItem.minecraft.iron_chestplate":1,"stat.mineBlock.bibliocraft.bookcase":1,"stat.mineBlock.realistictorches.torch_smoldering":2,"stat.pickup.minecraft.ender_pearl":2,"stat.mineBlock.thaumcraft.crystal_ignis":14,"stat.pickup.minecraft.gold_ingot":2,"stat.killEntity.Skeleton":11,"stat.craftItem.minecraft.bookshelf":1,"stat.pickup.thaumcraft.ore_cinnabar":2,"stat.craftItem.architecturecraft.largepulley":1,"stat.mineBlock.additional_lights.fire_for_fire_pit_l":1,"stat.pickup.bewitchment.salt":84,"stat.killEntity.Chicken":4,"stat.pickup.adchimneys.cobblestone":8,"stat.killEntity.Spider":6,"stat.mobKills":86,"stat.craftItem.minecraft.shears":1,"stat.pickup.minecraft.quartz":5,"stat.pickup.bewitchment.garlic_seeds":6,"stat.mineBlock.bewitchment.witches_cauldron":1,"stat.pickup.minecraft.beetroot_seeds":4,"stat.useItem.chisel.cobblestone1":149,"stat.mineBlock.bewitchment.salt_ore":11,"stat.mineBlock.minecraft.redstone_ore":6,"stat.useItem.chisel.cobblestone2":2,"stat.drop.minecraft.stone_axe":1,"stat.pickup.thaumcraft.thaumonomicon":2,"stat.mineBlock.bewitchment.amethyst_ore":1,"stat.mineBlock.minecraft.stone":1008,"stat.craftItem.bibliocraft.biblioglasses":1}